id,Japanese,ChineseTraditional,ChineseSimplified
1,横山,雲裳,龙战
2,稲里,李大爺,等待我
3,樱井,七落海嶼,青烟散
4,利,餘音裊裊,无名
5,ももいろ雲,影殺,老顽童
6,武吉,天高水長,回忆溪流
7,那須,十年心路,青柠香味
8,山本,曼陀羅,板凳
9,かきごおり屋,紅塵歲月,红尘醉
10,ぽてちゅん,青煙散,时光飞逝
11,有近,雨璇,夏櫻之雨
12,央子,月華,薯条蘸酱
13,かえでさん,靜待星河,元气满满
14,爽加,睡美人,青春之夏
15,れもんぎゅん,清風未央,听萧与声
16,ぷにっと星,武三通,挚爱信仰
17,中川,江南水鄉,丝袜奶茶
18,清水,望天闕,笑傲江山
19,篭島,楓葉紅遍,细雨纷飞
20,田中,譚處一,彼岸花
21,世,晚春里,精神小伙
22,谷門,漫步花海,烤红薯
23,まっちゃむすめ,齋鹵味阿伯,棋仙子
24,大谷,花滿樓,我阅君心
25,松代,南故歸,薄荷心凉
26,寺脇,深海觀魚,海浪之声
27,松本,西瓜好吃,无情
28,狩俣,缽仔糕姑娘,虾饺皇
29,澤麻,俞蓮舟,寒梅
30,长尾,逆流河流,剑魔
31,晶乃,天馬行空,佛系青年
32,そうた,吉吉國王,灭绝师太
33,志麻子,九漏魚,琴瑟和鸣
34,友歌,上善若水,洛阳女儿
35,鴛尾,空靈音符,雪鬓
36,奥村,太平山頂,雨过天晴
37,ゆり奈,紅塵醉,糖炒栗子
38,照内,滄桑,杨枝甘露
39,みおん,孤狼,石花洞
40,松木,暗影,达尔巴
41,向山,顧北涼城,烧麦
42,豊留,無鋒,渔翁得利
43,Penny,畫聖,棋魂
44,丸野,阿三,茴菿原点
45,大嶋,緣未盡,红眼兔兔
46,吉林,錦繡,夏日薄雪
47,香,澤城美雪,天高水长
48,工藤,忘卻江山,陌上画桑
49,SaKuRa,南丫島漁女,望天阙
50,ふくろう博士,夜雨微涼,尹克西
51,管野,琴帝,七落海屿
52,麻江,微淺笑,雨中吟诗
53,八王,詩酒風流,罗刹
54,ぱんやのパン,程英,e人
55,愛梨,酒仙子,钵仔糕
56,麻里名,青衣碼頭,范遥
57,広畑,幽魂,空见
58,本原,天生萌貨,破军
59,時本,一頁,柠檬不萌
60,朽名,夜梟,杨逍
61,福若,浪跡香江,阿三
62,ゆめぴょん,落花有意,浅夏凉眸
63,初古,幽冥,酒神
64,磨紀,魅姬,郭破虏
65,杏,夏遲歸,宛若晴空
66,田之,西安肉夾饃,浮雁沉鱼
67,細野,夜雨聲煩,海南椰子
68,玉代,張三丰,半城噩梦
69,理人,風起雲湧,颜绯
70,しろくまん,吖棒棒糖,思檀郎
71,福ヶ,念河山遠,太阳雨
72,朔,腐竹糖水,飞星剑客
73,ふわふわ雲,小墩子,小墩子
74,あっくん,寄紙筏,西塘
75,立場,郭襄,阎罗
76,アカネ,石花洞,社恐本人
77,森,黃蓉,夏晨曦
78,道崎,彌枳,睡美人
79,長塚,醉美秋天,如梦如幻
80,藤田,奔跑在雨中,大聪明
81,增田,鳳梨酥達人,杨过
82,久野,檸檬精,巷陌
83,紀恵,前世情緣,星辰皎洁
84,小泉,舞盡桃花,陌上花开
85,しろ,心中渴望,柠檬精
86,紀咲,梅芳竹清,小林子
87,川珠央,天空之城,琴帝
88,竹亭,納木措,快乐肥宅
89,こんぶ姫,裘千尺,梦里风尘
90,宅間,西羊夕下,周芷若
91,田中健,杜甫,格仔饼
92,りく,大問號,释放
93,ぱんじーにゃ,百般嬌,白狐
94,丁通,丁敏君,滕王阁
95,古川,余盼兮,卿绡
96,栞,花言巧語,晚街
97,蒼大,三生路,蛋挞仔
98,多岐,赤柱陽光,碎雨带风
99,堀尾,紅橋別戀,花落人离
100,浜近,甜心,阳光明媚
101,なかみか,海拉爾,纳木措
102,渡边,金輪法王,倾听潮声
103,奈月,夏涼浮生,枯墨云
104,苺,淺夏涼眸,南巷末栀
105,湊,八達嶺,落花有意
106,小猿,狗子,剑痴
107,ひよこまろん,追憶青春,阿雅
108,恵理子,大澳蝦醬,霸天
109,颯,涼瓜炒牛肉,鸳鸯咖啡
110,阿部,燒鵝叉燒飯,婉肆
111,音頭,芭比Q,幸福的家庭
112,鍛治,小林子,元气少女
113,手槌,宋青書,玩世
114,延枝,牛雜麵線,棋王
115,米道,糖不甩女孩,书圣
116,ぷりんとん,元朗老婆餅,风行水上
117,福田,狙擊甜心,淡黄的长裙
118,サマー,苦瓜不苦,琴魔
119,ちびまる子,琴弦輕撥,羊肉串
120,枝穂,中環白領,非洲小白脸
121,廣沢,回憶遺忘,冷剑
122,望月,荃灣西站,花谢花开
123,ぴんくうさぎ,心境不凡,花若怜
124,talking,如夢初醒,画眉
125,影,風鈴仙子,吃瓜群众
126,瀬戸,奪命,碧海蓝天
127,ビル,小怪同學,雁过留香
128,ずすりん,縱山崖,郭襄
129,掛下,黃大仙籤文,秋叶
130,柳崎,貪婪之幕,夏天来了
131,けんと,細雨綿綿,晨曦慕雪
132,中後,大聰明,刀奴
133,池武,獨上高樓,裘千尺
134,ほっぺたん,時間曼妙,沙丁鱼
135,源間,回憶溪流,故笙姻
136,うみのしずく,任我行,无名小站
137,ぽってりん,夜見樹,酒仙子
138,奥谷,帕嘉音,铁布衫
139,立野,雪舞,夜见树
140,そらとぶねこ,黑夜無邊,特种兵
141,ぽんじろう,安旭微,林中雨亭
142,雅,荷花池,无尘
143,新保,毒尊,好小子
144,石川,秦川,杠精是我
145,杉塚,秋蟬鳴枝頭,山西吴彦祖
146,森勝,紅眼兔兔,殷离
147,勘定,卿綃,麻辣烫
148,大岛,逍遙,炸鲜奶
149,悦喜,春天又走了,无色的海
150,藤原くん,藏經閣,独自细吟
151,兼弘,秋意濃,奶盖绿茶
152,早戸,蒼茫平野,蚂蚁牙黑
153,橋添,花落人離,浅墨时光
154,愛結美,花月似霰,夜枭
155,岛崎,無崖子,世事难料
156,仲山,塵緣與佛緣,顾北凉城
157,與那,幽蘭黛爾,红烧肉
158,铃木,遇見未來,剑仙子
159,早矢,乾飯人,碗仔翅
160,番澤,玉龍雪山,夺命
161,みぞれちゃん,巷陌,摆烂大王
162,森山,大坑火龍舞,冬天又走了
163,末川,土瓜灣車房,武修文
164,金垣,迷路的信,夺魄
165,續元,鹹檸七少冰,追逐阳光
166,入梅,雨女無瓜,奔跑在雨中
167,田トヨ子,祁夢,山川志
168,中岛,冬天來了,春天来啦
169,ぴーち,星河,清风月明
170,永井,春天來啦,独自欣赏
171,こんぺいとう,深海藍色,青春如歌
172,みるくの海,無名小站,鬼魅
173,泉谷,張無忌,大问号
174,松井,天地之間,分秒如年
175,酒元,浮世三月,盼成眷属
176,そらまる,雨零,俞莲舟
177,竹並,避風塘炒蟹,芝士热狗
178,龍福,天堂在我心,落花掌
179,原尻,堅尼地城,干饭王
180,形屋,觀塘工廈,仙女湖
181,篭嶋,洛小汐,咸蛋黄
182,志毛,藍萱微,王处一
183,高橋,九份的咖啡,愿望成真
184,小仓,尊嘟假嘟,糯米鸡
185,栗木,南方小土豆,牛牛牛
186,松村,梔夏暖陽,无心
187,今田,霍都,草莓泡芙
188,岡大,沉魚落雁,回忆遗忘
189,河原,石硤尾邨,南故归
190,絵都子,張翠山,披幽篁
191,宮仕,喵星人,苦瓜不苦
192,鷹松,涼茶鋪阿嬤,藏经阁
193,ももかちゃん,大哥,凌雪
194,八島,想飛翔,烈火掌
195,里実,烈火掌,陆无双
196,上原,星辰之眼,浅色夏沫
197,鈴木,雨中吟詩,杯别
198,馬谷,蘭桂坊夜貓,随风飘舞
199,まるちゃ,一念花開,旧梦难忘
200,平塚,夢裡風塵,琅琊山
201,ぽかぽか日和,李莫愁,梦想的力
202,路川,煙雨十年,金轮法王
203,伊織,我很好,空灵音符
204,齋藤,尼摩星,沉鱼落雁
205,かえるの雨,月滿西樓,雨女无瓜
206,ぽんすけ,黃鶴樓,懵蓝初梦
207,長尾,蜜汁叉燒,酒鬼
208,澤尻,藍雨希,风微甜
209,栗山,雲監工,欧阳锋
210,並木,大黃,琴仙子
211,小枝,油麻地果欄,清歌
212,播間,幽蘭,小晴日记
213,曜子,四姑娘,南方小土豆
214,古田,沉醉夜色,楚留香
215,眞邉,紫色的旋律,清风明月
216,葉葺,毒霸,沉醉夜色
217,MIRO,紫蘇,打工仔
218,下本,漂洋過海,千年等待
219,宵子,閒雲野鶴,迷路的信
220,しずくの唄,輕雲蔽月,子虚
221,公枝,郭破虜,念河山远
222,玉子ちゃ,哈哈哈,心中渴望
223,千可,醬紫—喵,丘处机
224,沼田,達爾巴,奥利给
225,トニー,白馬非馬,秋意浓
226,桑子,真香,七色时间
227,軍司,花謝花開,天山童姥
228,后藤,劍神,躺平选手
229,梨奈,沙丁魚,阿紫
230,琴海,青春之夏,沉醉音乐
231,波多,夢幻之城,叶孤城
232,渡辺,毒手,心境不凡
233,本多,浮生若夢,醉月刀
234,前田,我閱君心,迦蓝佛洲
235,川原明佳,細雨紛飛,别有天地
236,岛村,朴信男,干饭人
237,佐佐木,自由人,凝眸静思
238,戸内,滿梔,鸣沙山
239,ぽんぽん山,醉月刀,爱到最后
240,粟生,陌念念,秦川
241,菅原,漣漪,陆小凤
242,幡谷,蓮花初綻,心如止水
243,美緒,一瀾冬雪,独自饮酒
244,きらりん,情不移,瑛姑
245,こおりの妖精,夢影,陌汐儿
246,マイク,西施,云裳
247,池田,殷素素,千手流年
248,サム,武敦儒,天地之间
249,久瀬,花朵之藍,纵山崖
250,ぷにぷに玉,大佬,夜叉
251,文佳,琴心,幻音
252,光世,半城噩夢,荷花池
253,冴夏,小雞啄米,前世情缘
254,大野,時光飛逝,郝大通
255,左野,華山論劍,海之蓝色
256,八賀,北煙南城,打工人
257,播磨,臘腸蒸雞,浮生若梦
258,神農,踏尋紅塵路,锦鲤本鲤
259,三つ葉,大花,清几何
260,八川,懵藍初夢,弥枳
261,鴨居,夜雨聲煩,星星之火
262,侑加,紫南,猫街少女
263,ややたゃ,紅色之旅,夏了夏天
264,熊くん,夏櫻之雨,梦的彼岸
265,三奈,攝魂,火锅底料
266,山根,雨過天晴,江南七怪
267,悠真,貓空纜車,锦绣
268,千明,思慕,西羊夕下
269,karuppi,林平之,烤冷面
270,唱子,普者黑,远方小镇
271,さくら餅子,洛陽女兒,螺蛳粉
272,野村,樂享人生,蛋黄酥
273,帆乃佳,刀狂,长津湖
274,さくらんぼ,一色三清,奶茶续命
275,坂井,閻羅,李大爷
276,あんぱんまん,狂雷,暴躁萝莉
277,まろんパイ,書劍,杭州古天乐
278,陽太,野稚,浮世
279,はるは,雞鳴寺,妖娆
280,國分,忍者無敵,武三通
281,小瀬,遠方小鎮,海枯石烂
282,坂本,顏緋,显眼包
283,ぽんきち,沙田乳鴿,微光闪烁
284,八重,半壞街燈,秦皇岛
285,宗安,集結號角,陈玄风
286,松永,追逐未來,萝莉萌主
287,清木,凍檸茶少甜,西门吹雪
288,田玉,伍六七,番茄炒蛋
289,山崎,酒豪,朴信男
290,ちょこ,刀皇,念如丝缕
291,蔵谷,如夢如幻,任我行
292,亜規,舊夢難忘,星河
293,ぱんだの手,夏了夏天,画仙
294,未來,銅鑼灣車神,耗子尾汁
295,森澄,李白,青翼蝠王
296,石永,蝦子撈麵,李白
297,茂木,傾聽潮聲,追逐未来
298,みるくちゃん,金鐘罩,苍茫平野
299,アアアアア,夏天來了,铁血
300,加浩,咖喱魚蛋,清羽慕
301,ピカピカ,成昆,小丑是自己
302,吾川,熊貓基地,安静的河
303,野田,阿雅,乐享人生
304,東雲,李伯伯,舞尽桃花
305,中野,天星小輪,秋天来了
306,詩保子,殷離,天生萌货
307,ほしのすみか,悠遊自在,哈哈哈
308,川村,工具人,大吉大利
309,難波,長洲糯米糍,梦散蝶逝
310,あおいそら,耗子尾汁,霍都
311,桥口,小昭,夜白
312,はな～,時間之旅,心有天地
313,迫侑紀奈,橘貓,晨露轻寒
314,二井,風間白鹿,盛夏之末
315,智花,阿強,酒豪
316,伊原,音樂之魂,千面
317,ぷにみるく,雪鬢,哒咩
318,岩部,江南七怪,花言巧语
319,和久,梅菜扣肉,忘却江山
320,三住,七色的時間,聆听风声
321,金子,仙女湖,红颜薄命
322,押川,追夢的少年,冬瑾凉桉
323,江向,沉醉音樂,闲云野鹤
324,高畑,夢明,醉仙
325,河崎,杭州古天樂,梦影
326,羽沢,哈基米,远离尘嚣
327,北之,清幾何,火锅狂魔
328,喜世美,不覺素顏,金刚指
329,井原,冷劍,闪耀星星
330,なぎ,顯眼包,真香
331,瑛利子,廟街歌王,奶黄包
332,玲緒,山西吳彥祖,熬夜冠军
333,殿島,清風明月,甜味少女
334,増木,鰂魚涌白領,喜怒哀乐
335,龍口,鬼魅,甜心
336,こんぺい糖,未來的路,西瓜好吃
337,ポッキー,青衣城漫步,菠萝油
338,maru,薄荷心涼,孤狼
339,植田,嚮往的境界,糯米团团
340,高山,元氣滿滿,赵敏
341,石附,琴魔,太阳升起
342,つぶらな瞳,紙墨清香,梦幻彩云
343,村上,雲巢,上海外滩
344,真季,別有天地,心繫未来
345,明海,空靈輕舞,青鸾
346,升水,一燈大師,清悠野鹤
347,雪吉,漢陽樹,逸迢弦语
348,あまいもの,天罰,野稚
349,蒼,阿紫,念念不忘
350,瑛大,絕絕子,梦幻之城
351,太居,李尋歡,墨染
352,そらのたまご,無心,双皮奶
353,勅使,跑馬地馬伕,故人的歌
354,岩橋,山川志,西双版纳
355,矢野,星辰皎潔,童年时光
356,春子,忘羨,九漏鱼
357,重栖,夏日薄雪,肥宅快乐
358,下村,念念不忘,反诈大妈
359,新穂,棋王,一色三清
360,ぱんつくん,夢想力量,鱼沉秋水
361,堀場,心有天地,悠游自在
362,陽翔,浮世,毒手
363,季子,打爆你,逍遥游
364,古浜,碧海藍天,芒果冰沙
365,mizu,琴瑟和鳴,白马非马
366,稲澤,故人的歌,棋圣
367,凡子,小晴日記,杨不悔
368,菅野,心繫未來,桃之夭夭
369,井上,春色無邊,书香
370,にゃん太郎,青青子衿,云舒
371,上田,盼成眷屬,不难
372,新,鼓浪嶼,无锋
373,ちゃん,青春如歌,焦糖布丁
374,子麻希子,故笙姻,芭比Q
375,吉川,劍痴,刀美人
376,パンダ,薑汁撞奶,画骨
377,高実,瑛姑,一念花开
378,倉英里香,鳴沙山,哈基米
379,柚子,君離,必经之路
380,天野,恬淡寂然,崎岖前行
381,千葉,蝦餃燒賣,瑾沫流年
382,そよ風の午後,盼君歸,满栀
383,ぷっくりん,醉仙,贪婪之幕
384,行平,小丑是自己,青松
385,桐谷,羅剎,冻柠茶
386,又賀,夢的彼岸,飞花落泪
387,あんみつ姫,漁翁得利,大花
388,迎暢,逸迢弦語,芝士奶盖
389,ゆず姫,林中雨亭,时过境迁
390,ハルちゃん,杯別,天净沙
391,南,冷月,宋青书
392,谷怜実,雨映燕簾,星湖
393,柴田,鐵血,逍遥
394,あまぐもり,微光閃爍,幽魂
395,井恵里那,魅影,东施
396,うみねこさん,藍色誘惑,夜雨微凉
397,がく,迦藍佛洲,狂刀
398,大津,雲淡風輕,雪舞
399,津田,暗香,轻云蔽月
400,茉菜美,晴空如洗,凉皮加辣
401,こんぶ太郎,想在深海,时间曼妙
402,こはる,明月相伴,蓝色浪漫
403,ぴかりんこ,屯門牛雜,脆皮五花
404,しゃけの舞,板凳,今日之星
405,山浦,飛星劍客,鸡哔你
406,古山,今日之星,红尘岁月
407,詩,逍遙子,忍者无敌
408,井郷,港島妹妹,红枫
409,松坂,周芷若,想在深海
410,刺青,寄語未來,余盼兮
411,柴谷,絲襪奶茶,海心
412,名夏穂,深井燒鵝,苍狼
413,南戸,青翼蝠王,刀皇
414,樋渡,自在人生,幽兰黛尔
415,CARAS,陌汐兒,雨映燕帘
416,西田,陸無雙,破防达人
417,梨帆,獨自欣賞,金盾保您
418,颯真,茴菿原點,刀狂
419,冨永,沙嗲牛肉麵,凭栏听雨
420,男全,i人,海拉尔
421,石戸,荔枝角工廠,自由漂流
422,東園,旺角卡門,三七
423,鐘政,趙敏,听风入韵
424,莉子,瀟湘子,风清扬
425,長門,夜叉,桃源洞
426,神立,無名,魅姬
427,豊澤,桃之夭夭,金钟罩
428,宇都,絲苗白飯,大哥
429,船津,秋天又走了,玄德隆重
430,かえるの唄,臘味煲仔飯,沧桑
431,森西,西瓜小姐,暗香
432,佳栄子,世事難料,沙雕网友
433,佐枝子,婉肆,煎饼果子
434,太田,無情,糖醋排骨
435,水津,佐敦道車神,梦明
436,丹波,浮雁沉魚,鼓浪屿
437,蔦林,瑾沫流年,一场空
438,バナナ,清風,无影鞭
439,小田,菠蘿油之吻,西瓜冰沙
440,佐々,笑傲江山,花月似霰
441,桜羽,三七,李伯伯
442,はると,車仔麵達人,董小姐
443,鹿出,豉椒炒蜆,玉龙雪山
444,吉田,青檸香味,鬼见愁
445,レモン,冬瑾涼桉,浮世三月
446,寒川,西雙版納,乔峰
447,華央,蘿莉萌主,肠粉
448,眞依,妖嬈,辣条战士
449,上仲,回到過去,等待花开
450,畦上,只等願望成真,红桥别恋
451,もぐもぐ君,春日山杏,一灯大师
452,ひまわりっち,楊枝甘露,莲花初绽
453,大山,反詐大媽,小星星
454,谷由子,孤星,音乐之魂
455,本宿,腸粉加辣醬,芳菲萨满
456,桥本,維港夜未眠,蓝萱微
457,あさひ,灣仔修車佬,四姑娘
458,てとてと,書聖,鸽子精
459,諌山,屯門黃金海岸,幽兰
460,田村,貝錦儀,紫衫龙王
461,佐古,浪跡香江,成昆
462,横家,港島妹妹,狂雷
463,巣鴨,馬蹄糕阿婆,阿强
464,聖里菜,丘處機,天马行空
465,永溝,夢散蝶逝,紫苏
466,梅本,風微甜,清风
467,こんがり焼き,冬天又走了,百般娇
468,まやぴー,精神小伙,追魂枪
469,まぁか,花雕醉雞,黄蓉
470,信愛,等待我,毒霸
471,牲川,棋聖,一梦红尘
472,佐藤,書香,明月清风
473,菊地,雞嗶你,自闭儿童
474,ぴょんぴょん,范遙,雨零
475,すずはな,憑欄聽雨,七米海岸
476,武藤,花若憐,毒仙
477,岡田,琅琊山,麒麟
478,木村,夜白,咸鱼翻身
479,香穂理,莫干山,风铃仙子
480,ももたんぽ,東涌纜車,黑夜无边
481,岩田,花辭樹,忘羡
482,しず香,書狂,琴弦轻拨
483,伊藤,喬峰,独上高楼
484,长田,清風不語,自在人生
485,中込,鏡中人,微浅笑
486,倉形,椒鹽鮮魷,孤星
487,河合,劉處玄,晴空如洗
488,しずく,千面,潇湘子
489,そら,九龍塘書生,东方不败
490,汪賢,摯愛,猫空缆车
491,かき氷子,薄暮知秋,肉夹馍
492,朝日,血飲,栀夏暖阳
493,本杉,喵了個汪,影杀
494,奥澤,心如止水,逐风
495,越井,大吉大利,大林子
496,宫崎,追魂槍,毒玫瑰
497,宏美,晚街,武敦儒
498,うさぎ,畫骨,华山论剑
499,くまモフ子,夜鶯,逍遥子
500,川口,太陽雨,西瓜小姐
501,向吉,毒仙,长青诗
502,中村,無影鞭,我很好
503,菰方,半袖桃花,丁敏君
504,石井,初心永駐,雨璇
505,石松,盛夏之末,麻辣香锅
506,ぽんぽこりん,刀奴,遇见未来
507,千絢,海浪之聲,狗子
508,公美,凌雪,情不移
509,市口,紅磡站長,小鸡啄米
510,観音,飛花落淚,一澜冬雪
511,远藤,老頑童,仙味萝莉
512,妙華,安靜的河,花辞树
513,越谷,霸天,盼君归
514,にゃ,驚鴻,天罚
515,沙妃子,海南椰子,明月相伴
516,小原,泰褲辣,青蛇
517,りつき,墨竹,春天又走了
518,陸上,長青詩,大黄
519,三浦,酒鬼,蓝色诱惑
520,純世,楊過,漫妙幽离
521,みかんの森,蒼狼,画圣
522,弥栄子,滷肉飯王子,鸡蛋仔
523,細田,清歌,大佬
524,武内,郭靖,自由人
525,千保,破軍,酸菜鱼
526,かきごおり,自由漂流,花朵之蓝
527,麻規子,童年時光,暗中人
528,青西,海枯石爛,向往的境界
529,鍵村,晨曦慕雪,臭豆腐
530,篠原,一枝沈荼,琴心
531,北河,葉孤城,漫步花海
532,紗由理,凝眸靜思,金玉
533,酒井,白狐,薯片狂热
534,あまおう姫,玄德隆重,星辰之眼
535,みなと,紫衫龍王,夏迟归
536,文,清悠野鶴,酱紫—喵
537,一啓,追逐陽光,风起云涌
538,大塩,星星之火,薄暮知秋
539,小野,小七,紫色的旋律
540,政川,墨染流年,冰镇西瓜
541,藤乃,空見,章鱼小丸
542,西野,酒神,三生路
543,夏世,蛋撻熱辣辣,想飞翔
544,浅野,行雁書,半坏街灯
545,ぱんやの娘,淺墨時光,恬淡寂然
546,小森,時過境遷,寄纸筏
547,TAKA,淡黃的長裙,香菜不吃
548,也香,王處一,行雁书
549,小林,暗中人,江西老表
550,子亜緒衣,思檀郎,i人
551,本保,無色的海,摄魂
552,美芳,欲往,玉衡
553,わんころ,上海外灘,刘处玄
554,三月,摸爬滾打,毒尊
555,眞弥,鬼見愁,令狐冲
556,暖,奧利給,普者黑
557,一番,金玉,江南水乡
558,景,金剛指,祁梦
559,蒼衣,南巷末梔,往事如烟
560,能島,九份的咖啡,张翠山
561,千咲,楚留香,绝绝子
562,内田,棋仙子,云巢
563,交易,幻音,泰裤辣
564,あんず飴,瑞思拜,饺子蘸醋
565,ぽてとママ,阿朱,时间之旅
566,角矢,廣西梯田,冬天来了
567,美生,陌上花開,踏寻红尘路
568,エミ,星湖,判官
569,矢迫,雞蛋仔阿叔,一醉方休
570,森田,寒冰劍,可乐戒断
571,春名,董小姐,未来的路
572,かんぱーい,烈陽,梅超风
573,上寺,葵涌貨櫃,深海观鱼
574,メイちゃ,玩世,无崖子
575,芽衣,韋一笑,蒜香法棍
576,廣渡,判官,蓝雨希
577,鹤田,畫仙,清风未央
578,西村,金盾保您,细雨绵绵
579,濱谷,歸本主義,上善若水
580,ほしみつ,西貢漁夫,冒号
581,江,寒梅,思慕
582,みちょぱ,大埔墟火車,鱼蛋
583,ココア,毒玫瑰,天空之城
584,ひなた,必經之路,余音袅袅
585,鎌倉,聽風入韻,芋泥波波
586,齋田,白眉鷹王,静待星河
587,小島,武修文,北巷初晴
588,ましゅまろん,郝大通,八达岭
589,則近,滅絕師太,芝士焗饭
590,平野,尹克西,韦一笑
591,きのこ,青蛇,红色之旅
592,海野,碎雨帶風,烟雨十年
593,留裕里,海之藍色,魅影
594,成瀨,e人,风铃鹿
595,砂永,楊不悔,空灵轻舞
596,かのん,微博之星,秋天又走了
597,大木,奪魄,暗影
598,滝田,桃源洞,广西梯田
599,安里奈,琉璃心,林平之
600,高木,噠咩,追忆青春
601,ぽっちゃりん,鳳梨酥達人,工具人
602,柳下,西門吹雪,曼陀罗
603,菅家,落花人獨立,且奔赴
604,明石,聆聽風聲,烤面筋
605,あんず飴,彩虹邨畫家,惊鸿
606,长谷川,奶茶不加糖,尊嘟假嘟
607,林,流螢,涟漪
608,今埜,青松,红豆奶茶
609,加藤,大林子,枫叶红遍
610,山下,往事如煙,小怪同学
611,たろう,無塵,尘缘与佛缘
612,高桥,宛若晴空,归本主义
613,ももたろう,千年等待,红莲
614,麻村,麒麟,落花人独立
615,裴圭,公孫止,郭靖
616,山岡,筲箕灣漁港,集结号角
617,芳賀,上水水貨客,鸡鸣寺
618,宮岡,披幽篁,喵了个汪
619,西原,雁過留香,阿朱
620,由華子,劍仙子,十年滚打
621,小清,風清揚,深海蓝色
622,樹,逐風,白眉鹰王
623,白戸,雨花台,狗头保命
624,清恵,釋放,棍子
625,洪博,楊逍,清风不语
626,芙紗子,貓街少女,天堂在我心
627,ねこ♪,不難,叉烧包
628,田静,明月清風,山水有相逢
629,くろちゃん,冒號,北烟南城
630,山田,落魄,吖棒棒糖
631,九重,碗仔翅阿姐,空性
632,山口,畫眉,流萤
633,志村,凌霄,奶茶半糖
634,モモ,風行水上,风间白鹿
635,提坂,好小子,杜甫
636,たいやき屋,天凈沙,伍六七
637,友田,且奔赴,紫南
638,蓮,墨染,咖喱鱼蛋
639,佳奈美,七米海岸,有诗为友
640,恵里加,愛到最後,书剑
641,杉谷,刀美人,一枝沈荼
642,浮田,千手流年,春色无边
643,阿彦,令狐沖,血饮
644,東原,長津湖,独行侠
645,はな子,聽蕭與聲,橘猫
646,華房,空性,追梦的少年
647,菜月,清羽慕,安旭微
648,加那子,有詩為友,黄鹤楼
649,五十,晨露輕寒,洛小汐
650,勢佳永,深水埗阿伯,镜中人
651,岩瀬,獨自細吟,暴躁老哥
652,岛田,藍色浪漫,秋蝉鸣枝头
653,アラシ,一場空,李莫愁
654,塚迫,逍遙遊,瑞思拜
655,章,狂刀,诗酒风流
656,千桂,陸小鳳,糖不甩
657,砂見,蓮蓉包小妹,月华
658,七田,特種兵,摸鱼达人
659,綾野,破防達人,冰糖葫芦
660,寺幸歩,一醉方休,君离
661,うさぎの耳,劍魔,草莓蛋糕
662,黄金,鐵布衫,程英
663,前坂,分秒如年,车仔面
664,有樹,咖喱牛腩飯,贝锦仪
665,薬袋,滕王閣,春日山杏
666,川真生,風鈴鹿,熊猫基地
667,バラ,閃耀星星,杨康
668,正藤,血微,一页
669,はるこ,子虛,幽冥
670,谷口,牛牛牛,回到过去
671,當間,獵鷹,风花雪月
672,一木,崎嶇前行,炸鸡配酒
673,十和子,玉衡,可乐加冰
674,咲栄,光陰如梭,纸墨清香
675,香澄,紅油抄手,泽城美雪
676,藤井,坐看雲起時,缘未尽
677,ぶるま,陽光明媚,芝士玉米
678,乃美,獨自飲酒,香菜杀手
679,万依,漫妙幽離,晚春里
680,LaLa,阿毛,光阴如梭
681,門傳,清風月明,剑神
682,師香映,太陽升起,欲往
683,奈津美,豉油皇炒麵,醉美秋天
684,恒藤,枯墨雲,漂洋过海
685,あおにゃん,屯門之虎,帕嘉音
686,知英子,東方不敗,如梦初醒
687,嶋田,俞岱岩,雨花台
688,sana,尖沙咀星光,西瓜太郎
689,ブルー,仙味蘿莉,书狂
690,青木,珍珠奶茶控,张无忌
691,谷木,螞蟻牙黑,冷月
692,あずきバー,一夢紅塵,半袖桃花
693,美琴,落花掌,落魄
694,枝美里,楊康,坐看云起时
695,幼菜,青鸞,西安肉夹馍
696,せっちゃん,芳菲薩滿,青青子衿
697,谷内,歐陽鋒,俞岱岩
698,饒平,非洲小白臉,诗雨伊意
699,ぺんぎん丸,遠離塵囂,墨竹
700,ユーキ―,山水有相逢,汉阳树
701,田島,海心,阿毛
702,穴水,棍子,陌念念
703,あかり,喜怒哀樂,谭处一
704,えま,幸福的家庭,微博之星
705,棚橋,夏晨曦,西多士
706,柿文,粉嶺農夫,烈阳
707,もえちゃ,秋葉,熬夜秃头
708,松尾,龍戰,殷素素
709,まろんの夢,隨風飄舞,张三丰
710,塩田,秋天來了,凌霄
711,藤若,紅顏薄命,郭芙
712,奏龍,東施,逆流河流
713,ほしの砂時計,雲舒,尼摩星
714,角明,獨行俠,初心永驻
715,律,陌上畫桑,吉吉国王
716,しゅう,詩雨伊意,狙击甜心
717,nakamura,風花雪月,不觉素颜
718,東岡,槓精是我,夏凉浮生
719,和泉,棋魂,抹茶控
720,ぷりん姫,紅楓,西施
721,宮下,郭芙,打爆你
722,谷向,秦皇島,梅芳竹清
723,菫,甜瓜不甜,猎鹰
724,堀越,琴仙子,寒冰剑
725,松浦,打工人,小七
726,万樹子,西塘,夜莺
727,しゃぼん玉,紅蓮,甜瓜不甜
728,ぱんつ星人,等待花開,寄语未来
729,曲達,江西老表,柠檬精
730,坂友,念如絲縷,公孙止
731,小川,彼岸花,李寻欢
732,あおぞらくん,陳玄風,花满楼
733,多久,夢幻彩雲,十年心路
734,あんこづき,梅超風,莫干山
735,梅森,天山童姥,小昭
736,竹嶌,淺色夏沫,血微
737,ふわもこん,魚沉秋水,云监工
